{
    "menuList": [
        {
            "ctgImg1": "https://kaola-haitao.oss.kaolacdn.com/1cet9magj32_40_40.png?imageView&thumbnail=20x20&quality=100",
            "ctgImg2": "https://kaola-haitao.oss.kaolacdn.com/1cet9me3j68_40_40.png?imageView&thumbnail=20x20&quality=100",
            "ctgName": "美容彩妆",
            "ctgTab": [
                {
                    "tabName": "护肤",
                    "ctglist": [
                        "洁面",
                        "卸妆",
                        "爽肤水",
                        "面霜",
                        "眼部护理",
                        "精华",
                        "乳液/凝胶",
                        "唇部护理",
                        "护肤套装",
                        "精油芳疗",
                        "面部护肤",
                        "防晒修复",
                        "男士护肤"
                    ]
                },
                {
                    "tabName": "面膜",
                    "ctglist": [
                        "美迪惠尔",
                        "JMsolution",
                        "RAY",
                        "Dr.Jart+",
                        "JAYJUN",
                        "春雨",
                        "香蒲丽",
                        "森田药妆",
                        "肌美精",
                        "丽得姿",
                        "其他面膜"
                    ]
                },
                {
                    "tabName": "彩妆",
                    "ctglist": [
                        "BB霜/CC霜",
                        "唇膏/唇彩",
                        "隔离/妆前",
                        "粉底",
                        "粉饼/散粉",
                        "美甲",
                        "眼线",
                        "眉笔",
                        "睫毛膏",
                        "眼影",
                        "腮红",
                        "遮瑕",
                        "香水",
                        "化妆工具",
                        "彩妆工具"
                    ]
                },
                {
                    "tabName": "防晒修复",
                    "ctglist": [
                        "怡思丁",
                        "安耐晒",
                        "娜丽丝",
                        "RE:CIPE",
                        "碧柔",
                        "水宝宝",
                        "嘉娜宝Allie",
                        "Ultrasun",
                        "苏菲娜",
                        "高丝",
                        "其他防晒"
                    ]
                },
                {
                    "tabName": "香水/香氛",
                    "ctglist": [
                        "女士香水",
                        "男士香水",
                        "香水套装",
                        "Q版香水",
                        "中性香水",
                        "其他香水"
                    ]
                }
            ]
        },
        {
            "ctgImg1": "https://kaola-haitao.oss.kaolacdn.com/1cet9lmhg85_40_40.png?imageView&thumbnail=20x20&quality=100",
            "ctgImg2": "https://kaola-haitao.oss.kaolacdn.com/1cet9ls7k45_40_40.png?imageView&thumbnail=20x20&quality=100",
            "ctgName": "母婴儿童",
            "ctgTab": [
                {
                    "tabName": "奶粉",
                    "ctglist": [
                        "爱他美",
                        "牛栏",
                        "a2",
                        "喜宝",
                        "贝拉米",
                        "惠氏",
                        "美素佳儿",
                        "Hero Baby",
                        "雅培",
                        "美赞臣",
                        "贝儿",
                        "雀巢",
                        "合生元",
                        "Pre段",
                        "1段",
                        "2段",
                        "3段",
                        "4段（1+）",
                        "5段（2+）",
                        "6段"
                    ]
                },
                {
                    "tabName": "纸尿裤/拉拉裤",
                    "ctglist": [
                        "花王",
                        "尤妮佳",
                        "大王",
                        "好奇",
                        "帮宝适",
                        "妈咪宝贝",
                        "妮飘",
                        "NB号",
                        "S号",
                        "M号",
                        "L号",
                        "XL号",
                        "XXL号"
                    ]
                },
                {
                    "tabName": "营养辅食",
                    "ctglist": [
                        "辅食泥 ",
                        "米粉米糊",
                        "泡芙",
                        "溶溶豆",
                        "营养品",
                        "饼干",
                        "肉松面仔",
                        "调味品",
                        "其他辅食",
                        "其他零食"
                    ]
                },
                {
                    "tabName": "宝宝用品/玩具图书",
                    "ctglist": [
                        "洗漱护肤",
                        "护理",
                        "喂养",
                        "出行",
                        "清洁消毒",
                        "图书绘本",
                        "积木拼插",
                        "早教益智",
                        "爬行学步",
                        "其他玩具",
                        "宝宝家居",
                        "小家电"
                    ]
                },
                {
                    "tabName": "童装童鞋",
                    "ctglist": [
                        "连体爬服",
                        "宝宝套装/衬衫/T恤",
                        "宝宝裤子",
                        "运动鞋/休闲鞋/学步鞋",
                        "凉鞋",
                        "学步鞋",
                        "衬衫T恤",
                        "连衣裙",
                        "婴儿礼盒",
                        "儿童配饰"
                    ]
                },
                {
                    "tabName": "孕妈必备",
                    "ctglist": [
                        "孕妈洗护",
                        "孕期营养",
                        "产前产后用品",
                        "孕妈服",
                        "妈咪包"
                    ]
                }
            ]
        },
        {
            "ctgImg1": "https://kaola-haitao.oss.kaolacdn.com/1cet9no5t81_40_40.png?imageView&thumbnail=20x20&quality=100",
            "ctgImg2": "https://kaola-haitao.oss.kaolacdn.com/1cet9nrmp35_40_40.png?imageView&thumbnail=20x20&quality=100",
            "ctgName": "营养保健",
            "ctgTab": [
                {
                    "tabName": "女性健康",
                    "ctglist": [
                        "胶原蛋白",
                        "葡萄籽",
                        "白藜芦醇",
                        "酵素",
                        "铁元",
                        "蔓越莓",
                        "美白丸",
                        "维生素C",
                        "维生素E",
                        "燕窝",
                        "复合维矿",
                        "早更年期",
                        "孕产营养",
                        "减肥瘦身",
                        "排毒通便",
                        "补血补气",
                        "提高免疫力"
                    ]
                },
                {
                    "tabName": "男士必备",
                    "ctglist": [
                        "增肌粉",
                        "番茄红素",
                        "玛咖",
                        "护肝片",
                        "叶黄素",
                        "复合维矿",
                        "提高精力",
                        "缓解疲劳",
                        "解酒护肝",
                        "改善视力",
                        "舒缓压力",
                        "关节养护",
                        "清肺润喉",
                        "护发防脱"
                    ]
                },
                {
                    "tabName": "关爱爸妈",
                    "ctglist": [
                        "钙片",
                        "维骨力",
                        "鱼油/卵磷脂",
                        "辅酶Q10",
                        "参类滋补",
                        "银杏",
                        "蛋白粉",
                        "蜂胶",
                        "骨骼关节",
                        "风湿骨痛",
                        "血脂血压",
                        "调理肠胃",
                        "改善睡眠",
                        "调节免疫",
                        "改善记忆"
                    ]
                },
                {
                    "tabName": "滋补养生",
                    "ctglist": [
                        "参类",
                        "蜂蜜",
                        "黑糖/红糖",
                        "养生茶",
                        "灵芝/石斛",
                        "燕窝",
                        "枸杞/黑枸杞",
                        "阿胶",
                        "润肺养胃",
                        "补肾明目",
                        "提神醒脑",
                        "滋阴调胃",
                        "补血调经"
                    ]
                },
                {
                    "tabName": "运动营养",
                    "ctglist": [
                        "纤体代餐/减脂瘦身",
                        "健身增肌",
                        "补充能量",
                        "提高耐力"
                    ]
                }
            ]
        },
        {
            "ctgImg1": "https://kaola-haitao.oss.kaolacdn.com/1cet9ogop45_40_40.png?imageView&thumbnail=20x20&quality=100",
            "ctgImg2": "https://kaola-haitao.oss.kaolacdn.com/1cet9ojpr14_40_40.png?imageView&thumbnail=20x20&quality=100",
            "ctgName": "数码家电",
            "ctgTab": [
                {
                    "tabName": "手机/配件",
                    "ctglist": [
                        "苹果",
                        "华为",
                        "小米",
                        "三星",
                        "数据线",
                        "手机壳",
                        "手机贴膜"
                    ]
                },
                {
                    "tabName": "智能影音",
                    "ctglist": [
                        "Beats",
                        "BOSE",
                        "JBL",
                        "耳机/耳麦",
                        "音箱/音响",
                        "微单",
                        "拍立得",
                        "智能设备",
                        "小米",
                        "儿童手表"
                    ]
                },
                {
                    "tabName": "生活电器",
                    "ctglist": [
                        "戴森",
                        "电风扇",
                        "除湿机",
                        "空气净化器",
                        "扫地机器人",
                        "吸尘器/除螨",
                        "加湿器",
                        "挂烫机/电熨斗",
                        "洗衣机"
                    ]
                },
                {
                    "tabName": "个护健康",
                    "ctglist": [
                        "电吹风/风筒",
                        "电动牙刷",
                        "剃须刀",
                        "卷/直发器",
                        "剃/脱毛器",
                        "鼻毛修剪器",
                        "理发器",
                        "按摩梳",
                        "按摩仪"
                    ]
                },
                {
                    "tabName": "厨房电器",
                    "ctglist": [
                        "电水壶/热水瓶/饮水机",
                        "咖啡机/咖啡壶",
                        "原汁机/榨汁机",
                        "电饭煲",
                        "搅拌/料理机",
                        "面包机",
                        "净水器",
                        "电压力锅",
                        "烤箱"
                    ]
                },
                {
                    "tabName": "办公/外设",
                    "ctglist": [
                        "电脑/平板电脑",
                        "凌美",
                        "笔类",
                        "智能手表",
                        "办公文具",
                        "键盘",
                        "本册",
                        "鼠标",
                        "投影机",
                        "移动存储",
                        "摄像头",
                        "电脑/游戏周边",
                        "其他办公设备",
                        "其他智能设备",
                        "智能手环",
                        "画具/画材"
                    ]
                }
            ]
        },
        {
            "ctgImg1": "https://kaola-haitao.oss.kaolacdn.com/1cet9n9g361_40_40.png?imageView&thumbnail=20x20&quality=100",
            "ctgImg2": "https://kaola-haitao.oss.kaolacdn.com/1cet9ndou57_40_40.png?imageView&thumbnail=20x20&quality=100",
            "ctgName": "个护家清",
            "ctgTab": [
                {
                    "tabName": "洗发护发",
                    "ctglist": [
                        "其他头发护理",
                        "头发造型",
                        "美发护发工具",
                        "护发皂",
                        "洗发皂",
                        "梳子",
                        "护发精油",
                        "染发剂/膏",
                        "洗护发套装",
                        "发膜",
                        "护发素",
                        "洗发水"
                    ]
                },
                {
                    "tabName": "身体护理",
                    "ctglist": [
                        "胸部护理",
                        "颈部护理",
                        "沐浴清洁",
                        "美体护肤",
                        "足部护理",
                        "手部护理"
                    ]
                },
                {
                    "tabName": "家居清洁",
                    "ctglist": [
                        "得宝",
                        "抽纸",
                        "卷纸",
                        "洗衣液",
                        "消毒液",
                        "洗衣凝珠",
                        "驱蚊",
                        "洗洁精/其他清洗剂",
                        "除甲醛/芳香剂",
                        "棉柔巾",
                        "家庭清洁",
                        "纸品/湿巾",
                        "花王"
                    ]
                },
                {
                    "tabName": "口腔护理",
                    "ctglist": [
                        "其他口腔护理",
                        "牙线/牙线棒",
                        "牙粉/牙素/凝胶",
                        "口腔护理套装",
                        "漱口水",
                        "牙刷",
                        "牙膏"
                    ]
                },
                {
                    "tabName": "女性护理",
                    "ctglist": [
                        "私密洗液",
                        "卫生棉条",
                        "护垫",
                        "卫生巾",
                        "其他女性护理"
                    ]
                },
                {
                    "tabName": "健康护理",
                    "ctglist": [
                        "暖贴",
                        "口罩",
                        "眼罩"
                    ]
                }
            ]
        },
        {
            "ctgImg1": "https://kaola-haitao.oss.kaolacdn.com/1cet9peo633_40_40.png?imageView&thumbnail=20x20&quality=100",
            "ctgImg2": "https://kaola-haitao.oss.kaolacdn.com/1cet9pia154_40_40.png?imageView&thumbnail=20x20&quality=100",
            "ctgName": "服饰鞋靴",
            "ctgTab": [
                {
                    "tabName": "时尚女装",
                    "ctglist": [
                        "连衣裙",
                        "女士T恤",
                        "女士卫衣",
                        "女士衬衫",
                        "雪纺/蕾丝衫",
                        "女士毛针织衫",
                        "女士风衣",
                        "女士短外套",
                        "女士牛仔裤",
                        "女士休闲裤",
                        "半身裙",
                        "女士西装"
                    ]
                },
                {
                    "tabName": "潮流男装",
                    "ctglist": [
                        "男士西装",
                        "男士羽绒服",
                        "男士皮衣",
                        "男士夹克",
                        "男士T恤",
                        "男士衬衫",
                        "男士POLO衫",
                        "男士卫衣",
                        "男士毛衣/针织",
                        "男士外套",
                        "男士牛仔裤",
                        "男士休闲裤"
                    ]
                },
                {
                    "tabName": "魅力内衣",
                    "ctglist": [
                        "文胸套装",
                        "文胸",
                        "男士内裤",
                        "女士内裤",
                        "睡衣/家居服",
                        "睡裙",
                        "泳衣沙滩衣",
                        "保暖套装",
                        "吊带背心",
                        "塑身衣",
                        "打底袜"
                    ]
                },
                {
                    "tabName": "品质鞋配",
                    "ctglist": [
                        "帽子",
                        "男士凉鞋",
                        "女士凉鞋",
                        "女士单鞋",
                        "拖鞋",
                        "商务鞋",
                        "男士休闲鞋",
                        "女士休闲鞋/运动鞋",
                        "女士皮鞋/皮靴",
                        "高跟鞋"
                    ]
                }
            ]
        },
        {
            "ctgImg1": "https://kaola-haitao.oss.kaolacdn.com/1cet9p5fv45_40_40.png?imageView&thumbnail=20x20&quality=100",
            "ctgImg2": "https://kaola-haitao.oss.kaolacdn.com/1cet9p8db3_40_40.png?imageView&thumbnail=20x20&quality=100",
            "ctgName": "运动户外",
            "ctgTab": [
                {
                    "tabName": "运动鞋",
                    "ctglist": [
                        "跑步鞋",
                        "休闲鞋",
                        "篮球鞋",
                        "NIKE",
                        "阿迪达斯",
                        "ASICS",
                        "美津浓",
                        "圣康尼",
                        "Under Armour"
                    ]
                },
                {
                    "tabName": "运动服装",
                    "ctglist": [
                        "运动T恤",
                        "运动卫衣",
                        "运动裤",
                        "更多商品",
                        "NIKE",
                        "阿迪达斯"
                    ]
                },
                {
                    "tabName": "户外鞋靴",
                    "ctglist": [
                        "登山鞋",
                        "徒步鞋",
                        "工装靴",
                        "溯溪鞋",
                        "越野跑鞋"
                    ]
                },
                {
                    "tabName": "户外服装",
                    "ctglist": [
                        "速干T恤",
                        "卫衣衬衣",
                        "皮肤风衣",
                        "冲锋衣裤",
                        "户外裤",
                        " 功能内衣",
                        "帽子/皮带",
                        "棉服",
                        "手套",
                        "围巾/围脖",
                        "其他户外服饰"
                    ]
                },
                {
                    "tabName": "户外装备",
                    "ctglist": [
                        "登山包",
                        "休闲包",
                        "腰包",
                        "头巾",
                        "水壶",
                        "打火机",
                        "军刀",
                        "露营装备"
                    ]
                },
                {
                    "tabName": "更多分类",
                    "ctglist": [
                        "汽车机油",
                        "渔具",
                        "智能穿戴",
                        "速尔跑步机",
                        "游泳",
                        "运动健身",
                        "其他汽车用品"
                    ]
                }
            ]
        },
        {
            "ctgImg1": "https://kaola-haitao.oss.kaolacdn.com/1cet9o36p76_40_40.png?imageView&thumbnail=20x20&quality=100",
            "ctgImg2": "https://kaola-haitao.oss.kaolacdn.com/1cet9o6e796_40_40.png?imageView&thumbnail=20x20&quality=100",
            "ctgName": "手表配饰",
            "ctgTab": [
                {
                    "tabName": "腕表",
                    "ctglist": [
                        "瑞士名表",
                        "经典国表",
                        "欧美腕表",
                        "日韩腕表",
                        "钟表配件",
                        "欧米茄",
                        " 浪琴",
                        "天梭",
                        "DW",
                        "西铁城",
                        "EMPORIO ARMANI",
                        "美度",
                        "Swatch",
                        "卡西欧"
                    ]
                },
                {
                    "tabName": "大牌眼镜",
                    "ctglist": [
                        "太阳眼镜",
                        "Ray·Ban 雷朋",
                        "GUCCI",
                        "Dior 迪奥",
                        "BURBERRY",
                        "PRADA",
                        "TOM FORD",
                        "FURLA",
                        "BOLON 暴龙",
                        "MOLSION 陌森",
                        "光学镜架/镜片"
                    ]
                },
                {
                    "tabName": "潮流饰品",
                    "ctglist": [
                        "项链",
                        "手链/手镯",
                        "耳饰",
                        "串珠",
                        "时尚戒指",
                        "项坠/吊坠",
                        "Chocker",
                        "施华洛世奇",
                        "潘多拉",
                        "apm",
                        "时尚发饰",
                        "胸针",
                        "钥匙扣",
                        "饰品套装"
                    ]
                },
                {
                    "tabName": "黄金珠宝",
                    "ctglist": [
                        "周生生",
                        "周大福",
                        "六福珠宝",
                        "黄金项链",
                        "黄金手链",
                        "黄金转运珠",
                        "黄金耳饰",
                        "K金",
                        "铂金",
                        "钻石",
                        "天然珍珠",
                        "彩宝",
                        "水晶玛瑙",
                        "翡翠玉石",
                        "银饰"
                    ]
                }
            ]
        },
        {
            "ctgImg1": "https://kaola-haitao.oss.kaolacdn.com/1cet9mvrc65_40_40.png?imageView&thumbnail=20x20&quality=100",
            "ctgImg2": "https://kaola-haitao.oss.kaolacdn.com/1cet9msvd91_40_40.png?imageView&thumbnail=20x20&quality=100",
            "ctgName": "轻奢",
            "ctgTab": [
                {
                    "tabName": "轻奢包袋",
                    "ctglist": [
                        "MICHAE KORS 迈克高仕",
                        "FURLA 芙拉",
                        "COACH 蔻驰",
                        "COCCINELLE",
                        "PINKO 品高",
                        "LONGCHAMP 珑骧",
                        "MARC JACOBS",
                        "Kate Spade",
                        "Tory Burch"
                    ]
                },
                {
                    "tabName": "重奢名包",
                    "ctglist": [
                        "GUCCI 古驰",
                        "BURBERRY 博柏利",
                        "FENDI 芬迪",
                        "PRADA 普拉达",
                        "CÉLINE 思琳",
                        "SAINT LAURENT PARIS ",
                        "Chloé 蔻依",
                        "MARNI 玛尼",
                        "MCM"
                    ]
                },
                {
                    "tabName": "服饰鞋靴",
                    "ctglist": [
                        "KENZO 高田贤三",
                        "VERSACE 范思哲",
                        "GUCCI 古驰"
                    ]
                },
                {
                    "tabName": "功能箱包",
                    "ctglist": [
                        "Samsonite 新秀丽",
                        "RIMOWA",
                        "旅行大师",
                        "TUMI 途明"
                    ]
                },
                {
                    "tabName": "腰带专区",
                    "ctglist": [
                        "GUCCI 古驰",
                        " Ferragamo 菲拉格慕",
                        "MONTBLANC 万宝龙",
                        " Zegna 杰尼亚",
                        "COACH 蔻驰",
                        "VERSACE 范思哲"
                    ]
                }
            ]
        },
        {
            "ctgImg1": "https://kaola-haitao.oss.kaolacdn.com/1cvslvedr99_40_40.png?imageView&thumbnail=20x20&quality=100",
            "ctgImg2": "https://kaola-haitao.oss.kaolacdn.com/1cvslvjhg58_40_40.png?imageView&thumbnail=20x20&quality=100",
            "ctgName": "家居生活",
            "ctgTab": [
                {
                    "tabName": "杯壶滤水",
                    "ctglist": [
                        "滤水滤芯",
                        "保温杯",
                        "吸管杯",
                        "玻璃杯",
                        "马克杯",
                        "塑料杯",
                        "水壶",
                        "咖啡器具",
                        "茶具",
                        "酒具",
                        "咖啡器皿",
                        "BRITA 碧然德",
                        "THERMOS膳魔师",
                        "ZOJIRUSHI象印",
                        "TIGER 虎牌"
                    ]
                },
                {
                    "tabName": "厨房餐具",
                    "ctglist": [
                        "炒锅",
                        "煎锅/不粘锅",
                        "锅具套装",
                        "蒸锅",
                        "奶锅",
                        "汤锅",
                        "砂锅",
                        "高压锅",
                        "刀具",
                        "菜刀",
                        "砧板",
                        "碗碟",
                        "厨房储物",
                        "双立人",
                        "康宁",
                        "韦诺森"
                    ]
                },
                {
                    "tabName": "家纺布艺",
                    "ctglist": [
                        "床垫",
                        "枕头/枕芯",
                        "被子",
                        "床品套件",
                        "毛毯/蚊帐",
                        "家居鞋服",
                        "NITTAYA",
                        "LOVO",
                        "博洋家纺",
                        "芭蕾丽丝"
                    ]
                },
                {
                    "tabName": "家具家装",
                    "ctglist": [
                        "家具",
                        "家装建材",
                        "灯饰照明",
                        "家装家饰",
                        "阳台/户外家具",
                        "沙发"
                    ]
                },
                {
                    "tabName": "家居清洁",
                    "ctglist": [
                        "家庭清洁",
                        "净化除味",
                        "衣物清洁/护理",
                        "纸品/湿巾",
                        "驱蚊驱虫",
                        "清洁工具"
                    ]
                }
            ]
        },
        {
            "ctgImg1": "https://kaola-haitao.oss.kaolacdn.com/1cet9or5050_40_40.png?imageView&thumbnail=20x20&quality=100",
            "ctgImg2": "https://kaola-haitao.oss.kaolacdn.com/1cet9oun595_40_40.png?imageView&thumbnail=20x20&quality=100",
            "ctgName": "环球美食",
            "ctgTab": [
                {
                    "tabName": "乳品/咖啡/麦片/冲饮",
                    "ctglist": [
                        "成人奶粉",
                        "奶片",
                        "进口牛奶",
                        "酸奶",
                        "麦片",
                        "五谷冲饮",
                        "热可可",
                        "速溶咖啡",
                        "其他冲饮",
                        "其他乳品",
                        "咖啡粉",
                        "咖啡豆",
                        "胶囊咖啡",
                        "咖啡伴侣"
                    ]
                },
                {
                    "tabName": "人气热门",
                    "ctglist": [
                        "德运",
                        "丸太拉面",
                        "UCC咖啡",
                        "轩尼诗",
                        "成人奶粉",
                        "可乐",
                        "早餐麦片",
                        "歌帝梵",
                        "卡乐比",
                        "巴黎水"
                    ]
                },
                {
                    "tabName": "休闲零食",
                    "ctglist": [
                        "饼干糕点",
                        "坚果",
                        "糕点",
                        "蜜饯果干",
                        "糖果巧克力",
                        "薯片/膨化",
                        "海产品",
                        "果冻布丁",
                        "肉脯干",
                        "其他零食"
                    ]
                },
                {
                    "tabName": "茶/酒/饮料",
                    "ctglist": [
                        "葡萄酒",
                        "洋酒",
                        "白酒",
                        "啤酒",
                        "黄酒",
                        "品质水饮",
                        "饮料",
                        "碳酸饮料",
                        "果蔬汁",
                        "花草茶",
                        "茶饮",
                        "果酒"
                    ]
                },
                {
                    "tabName": "水果生鲜",
                    "ctglist": [
                        "新鲜水果",
                        "水产海鲜",
                        "肉禽蛋",
                        "冷藏特产",
                        "蔬菜类",
                        "海鲜礼盒",
                        "牛排",
                        "鳕鱼",
                        "榴莲",
                        "冰激凌",
                        "苹果",
                        "橙子",
                        "海参鲍鱼"
                    ]
                },
                {
                    "tabName": "粮油副食",
                    "ctglist": [
                        "调味品/料理",
                        "果酱/酱料",
                        "食用油/橄榄油",
                        "泡面",
                        "方便速食",
                        "罐头",
                        "方便菜",
                        "米面杂粮",
                        "南北干货"
                    ]
                }
            ]
        },
        {
            "ctgImg1": "https://kaola-haitao.oss.kaolacdn.com/1e83sugkk85_40_40.png?imageView&thumbnail=20x20&quality=100",
            "ctgImg2": "https://kaola-haitao.oss.kaolacdn.com/1e83stopt52_40_40.png?imageView&thumbnail=20x20&quality=100",
            "ctgName": "宠物生活",
            "ctgTab": [
                {
                    "tabName": "宠物主粮",
                    "ctglist": [
                        "湿粮罐头",
                        "狗粮",
                        "猫粮"
                    ]
                },
                {
                    "tabName": "零食罐头",
                    "ctglist": [
                        "狗零食",
                        "猫零食"
                    ]
                },
                {
                    "tabName": "宠物医疗保健",
                    "ctglist": [
                        "猫/狗药品",
                        "猫/狗保健品"
                    ]
                },
                {
                    "tabName": "猫砂类产品",
                    "ctglist": [
                        "其他猫砂类产品",
                        "猫砂"
                    ]
                },
                {
                    "tabName": "宠物洗护美容",
                    "ctglist": [
                        "口腔清洁",
                        "浴液"
                    ]
                },
                {
                    "tabName": "宠物玩具",
                    "ctglist": [
                        "宠物玩具"
                    ]
                }
            ]
        }
    ]
}
