{
 "connt":[
   {
     "title":"每日签到",
     "url":"",
     "list":"null"
   },
   {
     "title":"我的订单",
     "url":"",
     "list":"null"
   },
   {
     "title":"个人中心 ",
     "url":"",
     "list":[{"name":"我的优惠券","url":""},{"name":"我的购物津贴","url":""},{"name":"帐号管理","url":""},{"name":"我的实名认证","url":""},{"name":"我的发票抬头","url":""},{"name":"我关注的品牌","url":""},{"name":"售后管理","url":""}]
   },
   {
     "title":"客户服务",
     "url":"",
     "list":[{"name":"我的优惠券","url":""},{"name":"我的购物津贴","url":""},{"name":"帐号管理","url":""},{"name":"我的实名认证","url":""}]
   },
   {
     "title":"充值中心",
     "url":"",
     "list":[{"name":"话费充值","url":""},{"name":"游戏充值","url":""},{"name":"App Store 充值卡","url":""}]
   },
   {
     "title":"消费者权益",
     "url":"",
     "list":[{"name":"消费者告知书","url":""}]
   },
   {
     "title":"更多",
     "url":"",
     "list":[{"name":"收藏本站","url":""},{"name":"新浪微博","url":""},{"name":"微信公众号","url":""},{"name":"招商合作","url":""}]
   },
   {
     "title":"视频内容",
     "url":"",
     "list":"null"
   }
 ]
}
