{
  "hlist":[
    {
      "title":"运动户外",
      "typeId":"运动户外",
      "hotTxt":["阿迪达斯", "耐克","斯凯奇","安德玛"],
      "mBottom":[
          {"src":"https://kaola-haitao.oss.kaolacdn.com/ii02po4970_300_300.jpg?x-oss-process=image/resize,w_120/quality,q_95","link":""},
          {"src":"https://kaola-haitao.oss.kaolacdn.com/ii02shtz66_300_300.jpg?x-oss-process=image/resize,w_120/quality,q_95","link":""},
          {"src":"https://kaola-haitao.oss.kaolacdn.com/1c2gohbio65_300_300.jpg?x-oss-process=image/resize,w_120/quality,q_95","link":""},
          {"src":"https://kaola-haitao.oss.kaolacdn.com/1cnij2nrr52_300_300.jpg?x-oss-process=image/resize,w_120/quality,q_95","link":""},
          {"src":"https://kaola-haitao.oss.kaolacdn.com/ir1s6rzz67_300_300.jpg?x-oss-process=image/resize,w_120/quality,q_95","link":""}
        ],
      "partl":{
        "imgsrc":"https://kaola-haitao.oss.kaolacdn.com/4O1yWA5GGK2deliT06U9x6wSNf_330_542T1811012029_330_542.jpg?x-oss-process=image/resize,w_330/quality,q_95","address":"",
        "secondlist":
         [{"id":"1","title":"运动潮鞋","address":""},
          {"id":"2","title":"防晒","address":""},
          {"id":"3","title":"运动服饰","address":""},
          {"id":"4","title":"瑜伽游泳","address":""},
          {"id":"5","title":"运动鞋","address":""},
          {"id":"6","title":"户外鞋靴","address":""}]
        },
      "partm":[
        {"title":"斯凯奇新品上市","txt":"热门鞋款低至5.7折","src":"https://kaola-haitao.oss.kaolacdn.com/Mw0P2sxDT1t6CO1WSBJz1T1811012031_180_144.jpg?x-oss-process=image/resize,w_180/quality,q_95"},
        {"title":"自营折扣精选","txt":"阿迪耐克满199-100","src":"https://kaola-haitao.oss.kaolacdn.com/umAQZXf3uV4sbH1KtWWu2T1811012031_180_144.jpg?x-oss-process=image/resize,w_180/quality,q_95"},
        {"title":"活力出游季","txt":"北面冲锋衣低至4折","src":"https://kaola-haitao.oss.kaolacdn.com/BObF5FdK8cLDSFEFRm2I3T1811012031_180_144.jpg?x-oss-process=image/resize,w_180/quality,q_95"},
        {"title":"安德玛健身特惠","txt":"每满400减50","src":"https://kaola-haitao.oss.kaolacdn.com/70c67315-7f1b-468d-a001-70bc4331f0d9T2011191434_180_144.jpg?x-oss-process=image/resize,w_180/quality,q_95"}
        ],
      "party":[
        [
          {"id": "0","title": "https://kaola-pop.oss.kaolacdn.com/872bcb2c4b0245c79c940c95bc7560d0_800_800.jpg?x-oss-process=image/resize,w_75/quality,q_95","imgsrc": "Nike耐克男鞋女鞋 Tanjun 黑白情侣跑步鞋透气轻便运动休闲鞋","priceA": "423","priceB": "423"},
          {"id": "0","title": "https://kaola-haitao.oss.kaolacdn.com/a2cc2a890bfe4e55be893b058e8cf6981519959382406je9cklez10277.jpg?x-oss-process=image/resize,w_75/quality,q_95","imgsrc": "【考拉自营】VANS 范斯 OLD SKOOL 经典情侣板鞋男女低帮运动鞋尺码偏大半码","priceA": "423","priceB": "423"},
          {"id": "0","title": "https://kaola-haitao.oss.kaolacdn.com/0d6b457c206d4915a2f5a035013d864f1542009530388joe0nsht13107.jpg?x-oss-process=image/resize,w_75/quality,q_95","imgsrc": "【考拉自营】Adidas阿迪达斯 SUPERSTAR三叶草金标贝壳头男女休闲鞋EG4958","priceA": "423","priceB": "423"},
          {"id": "0","title": "https://kaola-haitao.oss.kaolacdn.com/74a072e102cc433297947809831dc87a1542010414444joe16qmz13300.jpg?x-oss-process=image/resize,w_75/quality,q_95","imgsrc": "【考拉自营】Nike 耐克 Tanjun SE 女子网面透气运动休闲跑步鞋 812655-011","priceA": "423","priceB": "423"}],
        [
          {"id": "0","title": "https://kaola-pop.oss.kaolacdn.com/e69e656ccdd548388e408488d7cbd997_800_800.jpg?x-oss-process=image/resize,w_75/quality,q_95","imgsrc": "【刘昊然同款】PUMA彪马低帮板鞋潮流男女鞋百搭休闲运动板鞋小白鞋多色可选359622-05/365215-01/355110_01","priceA": "423","priceB": "423"},
          {"id": "0","title": "https://kaola-haitao.oss.kaolacdn.com/7101d6b0896e45d4bbdcfeb2d3b4e8e21516608162893jcpxcbvy12643.jpg?x-oss-process=image/resize,w_75/quality,q_95","imgsrc": "【提臀显瘦】一秒提臀紧身裤升级版","priceA": "423","priceB": "423"},
          {"id": "0","title": "https://kaola-pop.oss.kaolacdn.com/eb8f3794e7534098b552c66cf577b163_800_800.jpg?x-oss-process=image/resize,w_75/quality,q_95","imgsrc": "NIKE耐克男鞋女鞋 ROSHE ONE 奥利奥网面运动跑步鞋 情侣黑白透气休闲鞋","priceA": "423","priceB": "423"},
          {"id": "0","title": "https://kaola-pop.oss.kaolacdn.com/e874c7a2-2646-4b9c-b4f3-8e6b31bd1e12?x-oss-process=image/resize,w_75/quality,q_95","imgsrc": "耐克NIKE TANJUN 奥利奥黑白 男女透气运动跑步鞋812655 812654-011","priceA": "423","priceB": "423"}
        ],
        [
          {"id": "0","title": "https://kaola-pop.oss.kaolacdn.com/a3f62672ff9648678ad884f4f70c359c_800_800.jpg?x-oss-process=image/resize,w_75/quality,q_95","imgsrc": "【张柏芝代言】新款VVC韩国 户外出游防紫外线女神美肤防晒帽遮阳帽 均码","priceA": "423","priceB": "423"},
          {"id": "0","title": "https://kaola-pop.oss.kaolacdn.com/592c185d-ecf1-46bb-a4f2-e5672d437d66?x-oss-process=image/resize,w_75/quality,q_95","imgsrc": "打火机套 打火机包装套 防滑套 只送不卖 考拉活动赠品（赠完即止）","priceA": "423","priceB": "423"},
          {"id": "0","title": "https://kaola-haitao.oss.kaolacdn.com/4ed25b28b23704c23fe41c38f8954bb7.jpg?x-oss-process=image/resize,w_75/quality,q_95","imgsrc": "【考拉自营 尺码偏大】Adidas 阿迪达斯 superstar金标贝壳头女休闲鞋FU7712","priceA": "423","priceB": "423"},
          {"id": "0","title": "https://kaola-pop.oss.kaolacdn.com/764cc04974624f6d9a49a3437270064a_800_800.jpg?x-oss-process=image/resize,w_75/quality,q_95","imgsrc": "PUMA彪马 Smash v2 L 男女鞋情侣鞋李现杨洋明星同款运动鞋春夏休闲户外跑步鞋百搭板鞋小白鞋 365215 359622","priceA": "423","priceB": "423"}
        ]
      ]
    },
    {
      "title":"美妆专区",
      "typeId":"美妆专区",
      "hotTxt":["面膜","口红","眼霜","精华","卸妆"],
      "mBottom":[
          {"src":"https://kaola-haitao.oss.kaolacdn.com/1bk8ndmup45_300_300.jpg?x-oss-process=image/resize,w_120/quality,q_95","link":""},
          {"src":"https://kaola-haitao.oss.kaolacdn.com/1el9nv9cj24_300_300.jpg?x-oss-process=image/resize,w_120/quality,q_95","link":""},
          {"src":"https://kaola-haitao.oss.kaolacdn.com/ifxc1wa478_300_300.jpg?x-oss-process=image/resize,w_120/quality,q_95","link":""},
          {"src":"https://kaola-haitao.oss.kaolacdn.com/1c126l96j31_300_300.jpg?x-oss-process=image/resize,w_120/quality,q_95","link":""},
          {"src":"https://kaola-haitao.oss.kaolacdn.com/1btlvtbrr35_300_300.jpg?x-oss-process=image/resize,w_120/quality,q_95","link":""}
        ],
      "partl":{
        "imgsrc":"https://kaola-haitao.oss.kaolacdn.com/baf3e28a-5f93-4afa-8170-5d0de7595c3fT19010151349_330_542.jpg?x-oss-process=image/resize,w_330/quality,q_95","address":"",
        "secondlist":
         [{"id":"","title":"精致护肤","address":""},
          {"id":"","title":"人气面膜","address":""},
          {"id":"","title":"大牌彩妆","address":""},
          {"id":"","title":"防晒修护","address":""},
          {"id":"","title":"迷人香氛","address":""},
          {"id":"","title":"面部精华","address":""}]
        },
      "partm":[
        {"title":"每日上新","txt":"扫遍全球美妆新货","src":"https://kaola-haitao.oss.kaolacdn.com/2bEI4TPTFTbcefQgssLIT1811261707_180_144.jpg?x-oss-process=image/resize,w_180/quality,q_95"},
        {"title":"热销榜单","txt":"超人气护肤彩妆","src":"https://kaola-haitao.oss.kaolacdn.com/vAhTrMm6boBh0bW7oerMT1811261716_180_144.jpg?x-oss-process=image/resize,w_180/quality,q_95"},        {"title":"美妆N元任选","txt":"99元心动任选","src":"https://kaola-haitao.oss.kaolacdn.com/ybMv0y5zMFNBplpEnDKxa9qT1811261728_180_144.jpg?x-oss-process=image/resize,w_180/quality,q_95"},        {"title":"神价购爆款","txt":"好物剁手不停","src":"https://kaola-haitao.oss.kaolacdn.com/FsUTJMRvzDX3t9LoCM10T1811261734_180_144.jpg?x-oss-process=image/resize,w_180/quality,q_95"}
        ],
      "party":[
        [
         {"id":"0","title":"https://kaola-haitao.oss.kaolacdn.com/02ddd66b2ac87de9467fa7069170b9b2.jpg?x-oss-process=image/resize,w_75/quality,q_95","imgsrc":"LΛNEIGE 兰芝 妆前乳雪纱丝柔隔离霜30毫升修颜提亮遮瑕保湿","priceA":"423","priceB":"423"},
         {"id":"0","title":"https://kaola-haitao.oss.kaolacdn.com/8f19465cd14fe46e1c031f1e304f6be7.jpg?x-oss-process=image/resize,w_75/quality,q_95","imgsrc":"安热沙小金瓶防晒露SPF50+PA++++60毫升新老版本随机发货","priceA":"423","priceB":"423"},
         {"id":"0","title":"https://kaola-haitao.oss.kaolacdn.com/f6301175f47e492ab18a7962a99d32761565262946012jz2l56ti11741.jpg?x-oss-process=image/resize,w_75/quality,q_95","imgsrc":"【3盒装】Dr.Jart+蒂佳婷蓝丸面膜女补水保湿海藻救急5片/盒","priceA":"423","priceB":"423"},
         {"id":"0","title":"https://kaola-haitao.oss.kaolacdn.com/e37ba22a44975e3ed01eea5cf67051c7.jpg?x-oss-process=image/resize,w_75/quality,q_95","imgsrc":"【三色拉花71%精华】韩国AGE20`s爱敬精华粉底气垫BB霜保湿持久遮瑕14g*2","priceA":"423","priceB":"423"}],
        [
          {"id":"0","title":"https://kaola-pop.oss.kaolacdn.com/e1dfba11261c49b084c0635bb40ae9e1_800_800.jpg?x-oss-process=image/resize,w_75/quality,q_95","imgsrc":"【4件65折】【低至20】韩国JMsolution面膜蜂蜜急救珍珠面膜亮白祛痘急救保湿不支持备注下单","priceA":"423","priceB":"423"},
          {"id":"0","title":"https://kaola-haitao.oss.kaolacdn.com/dd2169ddb1a7231255f9e6daf0609b7c.jpg?x-oss-process=image/resize,w_75/quality,q_95","imgsrc":"【明星面霜】Kiehl's科颜氏高保湿面霜125ml补水修护角鲨烷保湿不油腻","priceA":"423","priceB":"423"},
          {"id":"0","title":"https://kaola-haitao.oss.kaolacdn.com/b400fa0e49214c9fa3152bf72063ef221543987209869jpaq4bl310678.jpg?x-oss-process=image/resize,w_75/quality,q_95","imgsrc":"【日本版黑色】KISSME奇士美花漾美姬梦幻泪眼防水眼线液笔0.1极细0.4毫","priceA":"423","priceB":"423"},
          {"id":"0","title":"https://kaola-haitao.oss.kaolacdn.com/ee8462b2ef1742cd96ad38e1343c43df1561970261376jxk4rj3g10319.jpg?x-oss-process=image/resize,w_75/quality,q_95","imgsrc":"ESTĒELAUDER雅诗兰黛特润修护精华眼霜小棕瓶“抗蓝光”眼霜15毫升","priceA":"423","priceB":"423"}
        ],
        [
          {"id":"0","title":"https://kaola-haitao.oss.kaolacdn.com/ccd88638-42e7-4907-a7e5-db8cc8768110.jpg?x-oss-process=image/resize,w_75/quality,q_95","imgsrc":"【新年礼遇】BIODERMA贝德玛净妍温和卸妆水500毫升蓝水油性混合性肌肤适用","priceA":"423","priceB":"423"},
          {"id":"0","title":"https://kaola-haitao.oss.kaolacdn.com/2a20275fadc24f678ad578c7f2d074f61570620153415k1j6oqig11354.jpg?x-oss-process=image/resize,w_75/quality,q_95","imgsrc":"【经典清洁冻膜】DoMeCare欣兰黑里透白冻膜225克清洁控油收毛孔","priceA":"423","priceB":"423"},
          {"id":"0","title":"https://kaola-haitao.oss.kaolacdn.com/fc7755d41a9441f0a3b78a175578b81f1553686476878jtr4t9wq11735.jpg?x-oss-process=image/resize,w_75/quality,q_95","imgsrc":"FANCL芳珂无添加净化卸妆油120毫升","priceA":"423","priceB":"423"},
          {"id":"0","title":"https://kaola-haitao.oss.kaolacdn.com/e4a39c9af0364ecea780cb8ab3bb38a21524021003078jg4ir7zc11703.jpg?x-oss-process=image/resize,w_75/quality,q_95","imgsrc":"【密集补水 3盒装】MEDIHEAL 美迪惠尔 N.M.F针剂水库面膜 新版 10片/盒","priceA":"423","priceB":"423"}
        ]
      ]
    },
    {
      "title":"奢品馆",
      "typeId":"奢品馆",
      "hotTxt":["GUCCI","COACH","MK","Burberry","PRADA","FENDI","LV","DIOR","DW"],
      "mBottom":[
          {"src":"https://kaola-haitao.oss.kaolacdn.com/j1hk9xa040_300_300.jpg?x-oss-process=image/resize,w_120/quality,q_95","link":""},          {"src":"https://kaola-haitao.oss.kaolacdn.com/ig3abe8011_300_300.jpg?x-oss-process=image/resize,w_120/quality,q_95","link":""},          {"src":"https://kaola-haitao.oss.kaolacdn.com/j0riz3kq51_300_300.jpg?x-oss-process=image/resize,w_120/quality,q_95","link":""},          {"src":"https://kaola-haitao.oss.kaolacdn.com/ihflrxzu18_300_300.jpg?x-oss-process=image/resize,w_120/quality,q_95","link":""},          {"src":"https://kaola-haitao.oss.kaolacdn.com/iewe7rzl48_300_300.jpg?x-oss-process=image/resize,w_120/quality,q_95","link":""}
        ],
      "partl":{
        "imgsrc":"https://kaola-haitao.oss.kaolacdn.com/8afaae29-a31c-4dab-b89d-138b2f70fee4T21011116010_330_542.jpg?x-oss-process=image/resize,w_330/quality,q_95","address":"",
        "secondlist":
         [{"id":"","title":"轻奢潮包","address":""},
          {"id":"","title":"重奢名包","address":""},
          {"id":"","title":"服饰配件","address":""},
          {"id":"","title":"时尚鞋履","address":""},
          {"id":"","title":"顶奢臻品","address":""},
          {"id":"","title":"功能箱包","address":""}]
        },
      "partm":[
        {"title":"新品专区","txt":"大牌新品站","src":"https://kaola-haitao.oss.kaolacdn.com/69f487ad-3f20-4cd5-ba28-87d922c7a8c2T1909161114_180_144.jpg?x-oss-process=image/resize,w_180/quality,q_95"},
        {"title":"奥莱折扣","txt":"奢品折扣享不停","src":"https://kaola-haitao.oss.kaolacdn.com/15be7a12-8fe8-4828-90f9-0e22a541d524T1909161114_180_144.jpg?x-oss-process=image/resize,w_180/quality,q_95"},
        {"title":"买手甄选","txt":"网罗全球尖货","src":"https://kaola-haitao.oss.kaolacdn.com/91a5c13c-b0cd-4f2a-9e51-7681f7efe199T1909161114_180_144.jpg?x-oss-process=image/resize,w_180/quality,q_95"},
        {"title":"全球名店","txt":"精选全球大牌","src":"https://kaola-haitao.oss.kaolacdn.com/a7effebb-97f9-4305-8ca2-630a3637ede2T1909161114_180_144.jpg?x-oss-process=image/resize,w_180/quality,q_95"}
        ],
      "party":[
        [
          {"id":"0","title":"https://kaola-pop.oss.kaolacdn.com/633b29006b1c482b836c261b49f4076c_800_800.jpg?x-oss-process=image/resize,w_75/quality,q_95","imgsrc":"旅行大师行李箱女26寸24寸拉杆箱28寸拉链箱登机箱20寸旅行箱密码皮箱子","priceA":"423","priceB":"423"},          {"id":"0","title":"https://kaola-haitao.oss.kaolacdn.com/19e700f92d02a7d01c6e5a53644eb49a.jpg?x-oss-process=image/resize,w_75/quality,q_95","imgsrc":"【杨幂同款】MICHAELKORS迈克高仕Mercer系列女士手提单肩斜挎包30H9SM9M8L","priceA":"423","priceB":"423"},          {"id":"0","title":"https://kaola-pop.oss.kaolacdn.com/4950439ea1f442028bf731acfc45e16e_800_800.jpg?x-oss-process=image/resize,w_75/quality,q_95","imgsrc":"【老罗推荐】网易严选28寸纯PC“铝框”（非全铝）行李箱拉杆箱（无挂钩款）","priceA":"423","priceB":"423"},          {"id":"0","title":"https://kaola-pop.oss.kaolacdn.com/ede1402f-0239-407c-83ca-2f7acc83f750?x-oss-process=image/resize,w_75/quality,q_95","imgsrc":"【刺绣款】Champion冠军明星同款男女经典情侣款基础胸前草写刺绣logo圆领短袖T恤美码偏大一码T1919G","priceA":"423","priceB":"423"}
        ],
        [
          {"id":"0","title":"https://kaola-pop.oss.kaolacdn.com/edf09fc5c38b48439000a5c9194968dd_800_800.jpg?x-oss-process=image/resize,w_75/quality,q_95","imgsrc":"POLORALPHLAUREN拉夫·劳伦男士经典款小马标纯色圆领短袖T恤美码偏大一码","priceA":"423","priceB":"423"},          {"id":"0","title":"https://kaola-haitao.oss.kaolacdn.com/3ad575573f1548f2b7842b45803832cb1546496914465jqg8c07f10451.jpg?x-oss-process=image/resize,w_75/quality,q_95","imgsrc":"考拉工厂店超柔棉素色圆领宽松卫衣","priceA":"423","priceB":"423"},          {"id":"0","title":"https://kaola-pop.oss.kaolacdn.com/20a5e65d877a4b4d9eb39a5bd7cd4c54_800_800.jpg?x-oss-process=image/resize,w_75/quality,q_95","imgsrc":"【四季可穿】U.S.POLOASSN.美国马球协会春秋款情侣纯色纯棉简约修身牛津纺长袖休闲衬衫","priceA":"423","priceB":"423"},          {"id":"0","title":"https://kaola-pop.oss.kaolacdn.com/c540dceb-1062-4fbb-845b-79556905aa9b?x-oss-process=image/resize,w_75/quality,q_95","imgsrc":"旅行大师行李箱20寸24寸拉杆箱女26寸28寸旅行箱登机箱皮箱子","priceA":"423","priceB":"423"}
        ],
        [
          {"id":"0","title":"https://kaola-pop.oss.kaolacdn.com/e0aa386c83084329a1c394a281c138b4_800_800.jpg?x-oss-process=image/resize,w_75/quality,q_95","imgsrc":"Champion冠军短袖T恤日版ACTIONSTYLE草写刺绣LOGO休闲圆领T恤男女同款","priceA":"423","priceB":"423"},          {"id":"0","title":"https://kaola-pop.oss.kaolacdn.com/e2038426c5cc497cacbeab6e3b14c38c_800_800.jpg?x-oss-process=image/resize,w_75/quality,q_95","imgsrc":"【店铺爆款】COACH蔻驰女士单肩手提包小号波士顿包","priceA":"423","priceB":"423"},          {"id":"0","title":"https://kaola-pop.oss.kaolacdn.com/022077a4cb004355b37efe1453ebc9df_800_800.jpg?x-oss-process=image/resize,w_75/quality,q_95","imgsrc":"【店铺爆款】COACH蔻驰Tote女士单肩手提包托特包","priceA":"423","priceB":"423"},          {"id":"0","title":"https://kaola-pop.oss.kaolacdn.com/8425a828d16e458face758e67aa0ead0_800_800.jpg?x-oss-process=image/resize,w_75/quality,q_95","imgsrc":"网易严选男式基础牛仔裤","priceA":"423","priceB":"423"}
        ]
      ]
    },
    {
      "title":"手表配饰",
      "typeId":"手表配饰",
      "hotTxt":["施华洛世奇","天梭","浪琴","潘多拉","周大福","雷朋","APM"],
      "mBottom":[
          {"src":"https://kaola-haitao.oss.kaolacdn.com/iewkwf9w41_300_300.jpg?x-oss-process=image/resize,w_120/quality,q_95","link":""},
          {"src":"https://kaola-haitao.oss.kaolacdn.com/iewe99dw5_300_300.jpg?x-oss-process=image/resize,w_120/quality,q_95","link":""},
          {"src":"https://kaola-haitao.oss.kaolacdn.com/ij5fina975_300_300.jpg?x-oss-process=image/resize,w_120/quality,q_95","link":""},
          {"src":"https://kaola-haitao.oss.kaolacdn.com/1f4etjnpt29_300_300.jpg?x-oss-process=image/resize,w_120/quality,q_95","link":""},
          {"src":"https://kaola-haitao.oss.kaolacdn.com/1cuha2gmo93_300_300.jpg?x-oss-process=image/resize,w_120/quality,q_95","link":""}
        ],
      "partl":{
        "imgsrc":"https://kaola-haitao.oss.kaolacdn.com/7ShrbiO5blFkRpBisIbCT1811271509_330_542.jpg?x-oss-process=image/resize,w_330/quality,q_95","address":"",
        "secondlist":
         [{"id":"","title":"大牌腕表","address":""},
          {"id":"","title":"流行配饰","address":""},
          {"id":"","title":"黄金珠宝","address":""},
          {"id":"","title":"眼镜烟具","address":""},
          {"id":"","title":"施华洛世奇","address":""},
          {"id":"","title":"DW","address":""}]
        },
      "partm":[
          {"title":"流行饰品","txt":"璀璨夺目甄选好礼","src":"https://kaola-haitao.oss.kaolacdn.com/4ebkTiWAiHBDbJULlRhQ8D-2T1811271514_180_144.jpg?x-oss-process=image/resize,w_180/quality,q_95"},
          {"title":"大牌腕表","txt":"现代精致优雅风尚","src":"https://kaola-haitao.oss.kaolacdn.com/UExE0erN4m96RpfgJBrWM5-21T1811271515_180_144.jpg?x-oss-process=image/resize,w_180/quality,q_95"},
          {"title":"眼镜烟具","txt":"经典飞行员系列大放价","src":"https://kaola-haitao.oss.kaolacdn.com/FTlkVsDut2uNyhBVcNUDBV-22T1811271516_180_144.jpg?x-oss-process=image/resize,w_180/quality,q_95"},
          {"title":"黄金珠宝","txt":"生肖萌宠齐上阵","src":"https://kaola-haitao.oss.kaolacdn.com/J0TDfCOrifCuos8byyaC47-24T1811271518_180_144.jpg?x-oss-process=image/resize,w_180/quality,q_95"}
        ],
      "party":[
        [
          {"id":"0","title":"https://kaola-haitao.oss.kaolacdn.com/93b8919c5d0c4c16ab7fd13142c164be1533871721548jknfmb0912148.jpg?x-oss-process=image/resize,w_75/quality,q_95","imgsrc":"【小号黑天鹅】SWAROVSKI施华洛世奇小黑天鹅吊坠项链锁骨链","priceA":"423","priceB":"423"},          {"id":"0","title":"https://kaola-haitao.oss.kaolacdn.com/ea33e2aa85694ad89e1ae3531f7cfc9b1551242402971jsmpoakp10552.jpg?x-oss-process=image/resize,w_75/quality,q_95","imgsrc":"【大号渐变天鹅】SWAROVSKI施华洛世奇渐变天鹅系列时尚百搭专柜同款锁骨链","priceA":"423","priceB":"423"},          {"id":"0","title":"https://kaola-pop.oss.kaolacdn.com/8a402f94dc7e4822950dfd204de86405_800_800.jpg?x-oss-process=image/resize,w_75/quality,q_95","imgsrc":"【赠手链】LiberAedon励柏艾顿项链黑色四叶草吊坠玫瑰金简约时尚气质锁骨链项链女【新年礼】","priceA":"423","priceB":"423"},          {"id":"0","title":"https://kaola-haitao.oss.kaolacdn.com/2f1c9b0ea5184329ae5e635756148fe01551247027151jsmsfem110583.jpg?x-oss-process=image/resize,w_75/quality,q_95","imgsrc":"SWAROVSKI施华洛世奇项链女十二星座系列项坠饰品简约白金色锁骨链专柜同款","priceA":"423","priceB":"423"}
        ],
        [
          {"id":"0","title":"https://kaola-haitao.oss.kaolacdn.com/da4b264d27a4428e9b100172f9554a291551247219963jsmsjjdz10601.jpg?x-oss-process=image/resize,w_75/quality,q_95","imgsrc":"【当红热款】SWAROVSKI施华洛世奇跳动的心项链玫瑰金色/红色","priceA":"423","priceB":"423"},          {"id":"0","title":"https://kaola-pop.oss.kaolacdn.com/b33b34ffa2ab488a8090599681b420a5_800_800.jpg?x-oss-process=image/resize,w_75/quality,q_95","imgsrc":"【江疏影同款|经典小绿表】LolaRose孔雀石纹理小绿表绿色表盘石英手表女女表女士手表","priceA":"423","priceB":"423"},          {"id":"0","title":"https://kaola-pop.oss.kaolacdn.com/5e7d4fdb417c4fe583174c2906c3fd3a_800_800.jpg?x-oss-process=image/resize,w_75/quality,q_95","imgsrc":"【人气爆款】卡西欧手表网红小黑表乔妹同款学生休闲运动防水树脂男表女表MQ-24-7B2","priceA":"423","priceB":"423"},          {"id":"0","title":"https://kaola-pop.oss.kaolacdn.com/455c32584dcb452a857cf41b3005aaf2_800_800.jpg?x-oss-process=image/resize,w_75/quality,q_95","imgsrc":"ChristopherBailey珂芮柏蒂礼物简约罗马字百搭双环项链锁骨链玫瑰金吊坠项","priceA":"423","priceB":"423"}
        ],
        [
          {"id":"0","title":"https://kaola-pop.oss.kaolacdn.com/0f78d71a8169484fa6bff5fbe375929f_800_800.jpg?x-oss-process=image/resize,w_75/quality,q_95","imgsrc":"casio旗舰店卡西欧手表男石英表男潮流时尚小黑表限量多功能运动腕表学生防水太阳能电子表官方官网AQ-S810WC","priceA":"423","priceB":"423"},          {"id":"0","title":"https://kaola-pop.oss.kaolacdn.com/561f8d8dcd694d44be5d7df53861ad8f_800_800.jpg?x-oss-process=image/resize,w_75/quality,q_95","imgsrc":"LiberAedon励柏艾顿四叶草手链简约气质百搭轻奢时尚手绳女个性甜美","priceA":"423","priceB":"423"},          {"id":"0","title":"https://kaola-pop.oss.kaolacdn.com/d63b1f3c65174e0286eb2c885ab1b8c7_800_800.jpg?x-oss-process=image/resize,w_75/quality,q_95","imgsrc":"【专属礼盒】励柏艾顿日韩时尚四叶草项链耳钉手镯手链组合套装送女友","priceA":"423","priceB":"423"},          {"id":"0","title":"https://kaola-haitao.oss.kaolacdn.com/3cdbe952be6e4619a0cf47358f0ae7c01567069190392jzwgj9wl10780.jpg?x-oss-process=image/resize,w_75/quality,q_95","imgsrc":"【新款蓝天鹅】SWAROVSKI施华洛世奇ICONICSWAN小号渐变天鹅项链蓝色","priceA":"423","priceB":"423"}
        ]
      ]
    },
    {
      "title":"美食生鲜",
      "typeId":"美食生鲜",
      "hotTxt":["巧克力","奶粉成人","麦片","零食","红酒"],
      "mBottom":[
           {"src":"https://kaola-haitao.oss.kaolacdn.com/iroc99e481_300_300.jpg?x-oss-process=image/resize,w_120/quality,q_95","link":""},
           {"src":"https://kaola-haitao.oss.kaolacdn.com/1bg51vb4q24_300_300.jpg?x-oss-process=image/resize,w_120/quality,q_95","link":""},
           {"src":"https://kaola-haitao.oss.kaolacdn.com/j0w31ect15_300_300.jpg?x-oss-process=image/resize,w_120/quality,q_95","link":""},
           {"src":"https://kaola-haitao.oss.kaolacdn.com/imx0dfp832_300_300.jpg?x-oss-process=image/resize,w_120/quality,q_95","link":""},
           {"src":"https://kaola-haitao.oss.kaolacdn.com/iqc4pn5g51_300_300.jpg?x-oss-process=image/resize,w_120/quality,q_95","link":""}
         ],
      "partl":{
        "imgsrc":"https://kaola-haitao.oss.kaolacdn.com/yS4rMviMybWqfgScidc9PCfxd8T1811272039_330_542.jpg?x-oss-process=image/resize,w_330/quality,q_95","address":"",
        "secondlist":
         [{"id":"","title":"乳品冲饮","address":""},
          {"id":"","title":"休闲零食","address":""},
          {"id":"","title":"人气热门","address":""},
          {"id":"","title":"茶酒饮料","address":""},
          {"id":"","title":"粮油副食","address":""},
          {"id":"","title":"水果生鲜","address":""}]
        },
      "partm":[
          {"title":"乳品冲饮馆","txt":"健康早餐方便快捷","src":"https://kaola-haitao.oss.kaolacdn.com/JapaGgyIx7RVyVTITI8FNpmqT18112801025_180_144.jpg?x-oss-process=image/resize,w_180/quality,q_95"},
          {"title":"休闲零食馆","txt":"吮指零食欲罢不能","src":"https://kaola-haitao.oss.kaolacdn.com/mmof8b4c1OpCoLX7h0oGv80AT18112801025_180_144.jpg?x-oss-process=image/resize,w_180/quality,q_95"},
          {"title":"茶酒饮料馆","txt":"茶品可清心好酒诉衷肠","src":"https://kaola-haitao.oss.kaolacdn.com/3hkI4i6Wq1veyyXw985RTez1T18112801026_180_144.jpg?x-oss-process=image/resize,w_180/quality,q_95"},
          {"title":"水果生鲜馆","txt":"高品质日常","src":"https://kaola-haitao.oss.kaolacdn.com/wStsQd8RG8DUIUidetKu3Te1T18112801026_180_144.jpg?x-oss-process=image/resize,w_180/quality,q_95"}
        ],
      "party":[
        [
          {"id":"0","title":"https://kaola-haitao.oss.kaolacdn.com/c75c2bf700044d998699d26d8f6f2c991573034990759k2n4f2wk10479.jpg?x-oss-process=image/resize,w_75/quality,q_95","imgsrc":"【爆款】Maxigenes美可卓全脂高钙奶粉（蓝胖子）1千克2罐","priceA":"423","priceB":"423"},          {"id":"0","title":"https://kaola-haitao.oss.kaolacdn.com/c3b73692-1207-4d3d-9587-07160d3b1fd7.jpg?x-oss-process=image/resize,w_75/quality,q_95","imgsrc":"Devondale德运全脂成人奶粉1000克/袋2袋","priceA":"423","priceB":"423"},          {"id":"0","title":"https://kaola-haitao.oss.kaolacdn.com/35e08985-a8cf-4a47-b58a-9d0432466377.jpg?x-oss-process=image/resize,w_75/quality,q_95","imgsrc":"【爆款】Devondale德运高钙全脂成人牛奶粉1000克/袋3袋","priceA":"423","priceB":"423"},          {"id":"0","title":"https://kaola-pop.oss.kaolacdn.com/0ae13d6a2b654017b7d75dcadd7195f8_800_800.jpg?x-oss-process=image/resize,w_75/quality,q_95","imgsrc":"【1元1包】新农哥燕麦球款每日坚果25g/袋健康打卡7种混合坚果仁","priceA":"423","priceB":"423"}
        ],
        [
          {"id":"0","title":"https://kaola-haitao.oss.kaolacdn.com/49b817e3-6c97-4145-9f8d-b52fbd70306a.jpg?x-oss-process=image/resize,w_75/quality,q_95","imgsrc":"良品铺子沙琪玛酥红枣杞子270g","priceA":"423","priceB":"423"},          {"id":"0","title":"https://kaola-haitao.oss.kaolacdn.com/c4fe38cf238f74f91fd61dc1cd0666e4.jpg?x-oss-process=image/resize,w_75/quality,q_95","imgsrc":"良品铺子薄豆干甜辣味160克","priceA":"423","priceB":"423"},          {"id":"0","title":"https://kaola-haitao.oss.kaolacdn.com/f571649b-acc7-4a5e-8acd-c1e76a8bfce1.jpg?x-oss-process=image/resize,w_75/quality,q_95","imgsrc":"良品铺子香辣卤藕168克","priceA":"423","priceB":"423"},          {"id":"0","title":"https://kaola-haitao.oss.kaolacdn.com/ba9371c57f1541d2bf3413fb71b1bbad1573035039988k2n4g4wv11298.jpg?x-oss-process=image/resize,w_75/quality,q_95","imgsrc":"Maxigenes美可卓脱脂高钙奶粉（蓝妹子）1千克/罐2罐","priceA":"423","priceB":"423"}
        ],
        [
          {"id":"0","title":"https://kaola-haitao.oss.kaolacdn.com/6f1e6823023fa0c0f523a8792f8c8741.jpg?x-oss-process=image/resize,w_75/quality,q_95","imgsrc":"evian依云天然矿泉水500毫升/瓶24瓶装","priceA":"423","priceB":"423"},          {"id":"0","title":"https://kaola-haitao.oss.kaolacdn.com/a0d6252e4c3e459a9ef59e21b2383d371571991182544k25uyncu12881.jpg?x-oss-process=image/resize,w_75/quality,q_95","imgsrc":"Perrier巴黎水含气天然矿泉水330毫升24瓶进口气泡水","priceA":"423","priceB":"423"},          {"id":"0","title":"https://kaola-haitao.oss.kaolacdn.com/2c18262b-006b-4a74-9445-c41d58d6912c.jpg?x-oss-process=image/resize,w_75/quality,q_95","imgsrc":"Devondale德运高钙脱脂成人牛奶粉1000克/袋3袋","priceA":"423","priceB":"423"},          {"id":"0","title":"https://kaola-haitao.oss.kaolacdn.com/ce05542e-3c85-45dd-b5cc-3f410bbbf486.jpg?x-oss-process=image/resize,w_75/quality,q_95","imgsrc":"【自营新鲜到货】麦提莎Maltesers麦丽素进口巧克力465克/桶*2桶量贩装","priceA":"423","priceB":"423"}
        ]
      ]
    }
  ]
}
